"scenario","paper_anchor","outcome_family","true_link_function","fitted_link_function","true_model_label","fitted_model_label","quantitative_description","variability_summary","quantity","diagnostic_family","n_successful_fits","n_significant","rate","ci_low","ci_high"
"Count errors","Simple count example figure","Poisson count","log","identity","Poisson log","Poisson identity","Simple count example figure coefficients: log(E[y]) = 2.2 + -0.55 * (age - 6) + 0.45 * group; no age-by-group product term.","Poisson sampling; variance equals mean.","Pseudo-interaction detection","Interaction test",2798,2682,0.958541815582559,0.950505038086934,0.96532122750057
"Count errors","Simple count example figure","Poisson count","log","identity","Poisson log","Poisson identity","Simple count example figure coefficients: log(E[y]) = 2.2 + -0.55 * (age - 6) + 0.45 * group; no age-by-group product term.","Poisson sampling; variance equals mean.","DHARMa uniformity","DHARMa",2798,26,0.00929235167977126,0.00634926616387744,0.0135810045675001
"Count errors","Simple count example figure","Poisson count","log","identity","Poisson log","Poisson identity","Simple count example figure coefficients: log(E[y]) = 2.2 + -0.55 * (age - 6) + 0.45 * group; no age-by-group product term.","Poisson sampling; variance equals mean.","DHARMa dispersion","DHARMa",2798,634,0.226590421729807,0.211460027809455,0.242470530901036
"Count errors","Simple count example figure","Poisson count","log","identity","Poisson log","Poisson identity","Simple count example figure coefficients: log(E[y]) = 2.2 + -0.55 * (age - 6) + 0.45 * group; no age-by-group product term.","Poisson sampling; variance equals mean.","DHARMa residual quantiles over fitted values","DHARMa",2798,1770,0.632594710507505,0.614561022267943,0.650264811350891
"Count errors","Simple count example figure","Poisson count","log","identity","Poisson log","Poisson identity","Simple count example figure coefficients: log(E[y]) = 2.2 + -0.55 * (age - 6) + 0.45 * group; no age-by-group product term.","Poisson sampling; variance equals mean.","DHARMa residual quantiles over focal predictor","DHARMa",2798,2534,0.905646890636169,0.894252547721863,0.915928910923357
"Count errors","Simple count example figure","Poisson count","log","identity","Poisson log","Poisson identity","Simple count example figure coefficients: log(E[y]) = 2.2 + -0.55 * (age - 6) + 0.45 * group; no age-by-group product term.","Poisson sampling; variance equals mean.","DHARMa residual distribution across design cells","DHARMa",0,0,NA,NA,NA
"Count errors","Simple count example figure","Poisson count","log","identity","Poisson log","Poisson identity","Simple count example figure coefficients: log(E[y]) = 2.2 + -0.55 * (age - 6) + 0.45 * group; no age-by-group product term.","Poisson sampling; variance equals mean.","Pregibon-style added-term link check, secondary","Pregibon-style link check",2796,2776,0.992846924177396,0.988976783794495,0.995364665724879
"Count errors","Simple count example figure","Poisson count","log","identity","Poisson log","Poisson identity","Simple count example figure coefficients: log(E[y]) = 2.2 + -0.55 * (age - 6) + 0.45 * group; no age-by-group product term.","Poisson sampling; variance equals mean.","AIC same interaction formula favors true link","AIC link comparison",2798,2772,0.990707648320229,0.9864189954325,0.993650733836123
"Count errors","Simple count example figure","Poisson count","log","identity","Poisson log","Poisson identity","Simple count example figure coefficients: log(E[y]) = 2.2 + -0.55 * (age - 6) + 0.45 * group; no age-by-group product term.","Poisson sampling; variance equals mean.","AIC same interaction formula favors fitted link","AIC link comparison",2798,26,0.00929235167977126,0.00634926616387744,0.0135810045675001
"Chance-floor accuracy","Simulation 1, lower-performance forced-choice scenario","Binomial accuracy","chance-corrected logit","standard logit","chance-corrected binomial logit","standard binomial logit","Simulation 1 lower-performance coefficients: eta = -0.8 + 0.6 * (age - 8) + -0.9 * group; p = 0.5 + (1 - 0.5) * logistic(eta); no age-by-group product term.","Binomial sampling with 20 trials per participant.","Pseudo-interaction detection","Interaction test",3000,1733,0.577666666666667,0.559903597705362,0.595231087792638
"Chance-floor accuracy","Simulation 1, lower-performance forced-choice scenario","Binomial accuracy","chance-corrected logit","standard logit","chance-corrected binomial logit","standard binomial logit","Simulation 1 lower-performance coefficients: eta = -0.8 + 0.6 * (age - 8) + -0.9 * group; p = 0.5 + (1 - 0.5) * logistic(eta); no age-by-group product term.","Binomial sampling with 20 trials per participant.","DHARMa uniformity","DHARMa",3000,1,0.000333333333333333,5.88439418715664e-05,0.00188581888430418
"Chance-floor accuracy","Simulation 1, lower-performance forced-choice scenario","Binomial accuracy","chance-corrected logit","standard logit","chance-corrected binomial logit","standard binomial logit","Simulation 1 lower-performance coefficients: eta = -0.8 + 0.6 * (age - 8) + -0.9 * group; p = 0.5 + (1 - 0.5) * logistic(eta); no age-by-group product term.","Binomial sampling with 20 trials per participant.","DHARMa dispersion","DHARMa",3000,42,0.014,0.0103742253986839,0.018868815562333
"Chance-floor accuracy","Simulation 1, lower-performance forced-choice scenario","Binomial accuracy","chance-corrected logit","standard logit","chance-corrected binomial logit","standard binomial logit","Simulation 1 lower-performance coefficients: eta = -0.8 + 0.6 * (age - 8) + -0.9 * group; p = 0.5 + (1 - 0.5) * logistic(eta); no age-by-group product term.","Binomial sampling with 20 trials per participant.","DHARMa residual quantiles over fitted values","DHARMa",3000,58,0.0193333333333333,0.0149857495904204,0.024910316984193
"Chance-floor accuracy","Simulation 1, lower-performance forced-choice scenario","Binomial accuracy","chance-corrected logit","standard logit","chance-corrected binomial logit","standard binomial logit","Simulation 1 lower-performance coefficients: eta = -0.8 + 0.6 * (age - 8) + -0.9 * group; p = 0.5 + (1 - 0.5) * logistic(eta); no age-by-group product term.","Binomial sampling with 20 trials per participant.","DHARMa residual quantiles over focal predictor","DHARMa",3000,181,0.0603333333333333,0.0523622424560336,0.069428958523103
"Chance-floor accuracy","Simulation 1, lower-performance forced-choice scenario","Binomial accuracy","chance-corrected logit","standard logit","chance-corrected binomial logit","standard binomial logit","Simulation 1 lower-performance coefficients: eta = -0.8 + 0.6 * (age - 8) + -0.9 * group; p = 0.5 + (1 - 0.5) * logistic(eta); no age-by-group product term.","Binomial sampling with 20 trials per participant.","DHARMa residual distribution across design cells","DHARMa",0,0,NA,NA,NA
"Chance-floor accuracy","Simulation 1, lower-performance forced-choice scenario","Binomial accuracy","chance-corrected logit","standard logit","chance-corrected binomial logit","standard binomial logit","Simulation 1 lower-performance coefficients: eta = -0.8 + 0.6 * (age - 8) + -0.9 * group; p = 0.5 + (1 - 0.5) * logistic(eta); no age-by-group product term.","Binomial sampling with 20 trials per participant.","Pregibon-style added-term link check, secondary","Pregibon-style link check",3000,863,0.287666666666667,0.27174782737222,0.304128590386468
"Chance-floor accuracy","Simulation 1, lower-performance forced-choice scenario","Binomial accuracy","chance-corrected logit","standard logit","chance-corrected binomial logit","standard binomial logit","Simulation 1 lower-performance coefficients: eta = -0.8 + 0.6 * (age - 8) + -0.9 * group; p = 0.5 + (1 - 0.5) * logistic(eta); no age-by-group product term.","Binomial sampling with 20 trials per participant.","AIC same interaction formula favors true link","AIC link comparison",3000,2327,0.775666666666667,0.760392533986923,0.790235727415847
"Chance-floor accuracy","Simulation 1, lower-performance forced-choice scenario","Binomial accuracy","chance-corrected logit","standard logit","chance-corrected binomial logit","standard binomial logit","Simulation 1 lower-performance coefficients: eta = -0.8 + 0.6 * (age - 8) + -0.9 * group; p = 0.5 + (1 - 0.5) * logistic(eta); no age-by-group product term.","Binomial sampling with 20 trials per participant.","AIC same interaction formula favors fitted link","AIC link comparison",3000,673,0.224333333333333,0.209764272584153,0.239607466013077
"Binary repeated trials","Simulation 2, probit-generated logit-fitted case","Binary repeated trials","probit","logit","binomial probit GLMM","binomial logit GLMM","Simulation 2 probit reference coefficients: eta = 1.5 + -1 * group + -1 * condition + subject random intercept; latent ICC = 0.3; no group-by-condition product term.","Subject random intercept with latent ICC = .30 and 15 binary trials per cell.","Pseudo-interaction detection","Interaction test",3000,301,0.100333333333333,0.0900881225298914,0.111600770551219
"Binary repeated trials","Simulation 2, probit-generated logit-fitted case","Binary repeated trials","probit","logit","binomial probit GLMM","binomial logit GLMM","Simulation 2 probit reference coefficients: eta = 1.5 + -1 * group + -1 * condition + subject random intercept; latent ICC = 0.3; no group-by-condition product term.","Subject random intercept with latent ICC = .30 and 15 binary trials per cell.","DHARMa uniformity","DHARMa",3000,92,0.0306666666666667,0.0250720696116265,0.0374616763918795
"Binary repeated trials","Simulation 2, probit-generated logit-fitted case","Binary repeated trials","probit","logit","binomial probit GLMM","binomial logit GLMM","Simulation 2 probit reference coefficients: eta = 1.5 + -1 * group + -1 * condition + subject random intercept; latent ICC = 0.3; no group-by-condition product term.","Subject random intercept with latent ICC = .30 and 15 binary trials per cell.","DHARMa dispersion","DHARMa",3000,0,0,0,0.00127884872532596
"Binary repeated trials","Simulation 2, probit-generated logit-fitted case","Binary repeated trials","probit","logit","binomial probit GLMM","binomial logit GLMM","Simulation 2 probit reference coefficients: eta = 1.5 + -1 * group + -1 * condition + subject random intercept; latent ICC = 0.3; no group-by-condition product term.","Subject random intercept with latent ICC = .30 and 15 binary trials per cell.","DHARMa residual quantiles over fitted values","DHARMa",3000,75,0.025,0.0199913212904314,0.0312235849986283
"Binary repeated trials","Simulation 2, probit-generated logit-fitted case","Binary repeated trials","probit","logit","binomial probit GLMM","binomial logit GLMM","Simulation 2 probit reference coefficients: eta = 1.5 + -1 * group + -1 * condition + subject random intercept; latent ICC = 0.3; no group-by-condition product term.","Subject random intercept with latent ICC = .30 and 15 binary trials per cell.","DHARMa residual quantiles over focal predictor","DHARMa",0,0,NA,NA,NA
"Binary repeated trials","Simulation 2, probit-generated logit-fitted case","Binary repeated trials","probit","logit","binomial probit GLMM","binomial logit GLMM","Simulation 2 probit reference coefficients: eta = 1.5 + -1 * group + -1 * condition + subject random intercept; latent ICC = 0.3; no group-by-condition product term.","Subject random intercept with latent ICC = .30 and 15 binary trials per cell.","DHARMa residual distribution across design cells","DHARMa",3000,13,0.00433333333333333,0.00253421969046081,0.00740021234591233
"Binary repeated trials","Simulation 2, probit-generated logit-fitted case","Binary repeated trials","probit","logit","binomial probit GLMM","binomial logit GLMM","Simulation 2 probit reference coefficients: eta = 1.5 + -1 * group + -1 * condition + subject random intercept; latent ICC = 0.3; no group-by-condition product term.","Subject random intercept with latent ICC = .30 and 15 binary trials per cell.","Pregibon-style added-term link check, secondary","Pregibon-style link check",0,0,NA,NA,NA
"Binary repeated trials","Simulation 2, probit-generated logit-fitted case","Binary repeated trials","probit","logit","binomial probit GLMM","binomial logit GLMM","Simulation 2 probit reference coefficients: eta = 1.5 + -1 * group + -1 * condition + subject random intercept; latent ICC = 0.3; no group-by-condition product term.","Subject random intercept with latent ICC = .30 and 15 binary trials per cell.","AIC same interaction formula favors true link","AIC link comparison",3000,2861,0.953666666666667,0.945546965226286,0.960626026030268
"Binary repeated trials","Simulation 2, probit-generated logit-fitted case","Binary repeated trials","probit","logit","binomial probit GLMM","binomial logit GLMM","Simulation 2 probit reference coefficients: eta = 1.5 + -1 * group + -1 * condition + subject random intercept; latent ICC = 0.3; no group-by-condition product term.","Subject random intercept with latent ICC = .30 and 15 binary trials per cell.","AIC same interaction formula favors fitted link","AIC link comparison",3000,139,0.0463333333333333,0.0393739739697314,0.0544530347737143
"Binary continuous predictor","Matched continuous-predictor counterpart to Simulation 2","Binary repeated trials","probit","logit","binomial probit GLMM","binomial logit GLMM","Matched continuous counterpart to the 2 x 2 binary scenario: eta = 1.5 + -1 * group + -1 * x + subject random intercept; x ~ Uniform(0, 1). Thus the x = 0 to x = 1 contrast has the same probit-scale size as the condition 0 to 1 contrast; latent ICC = 0.3; no group-by-x product term.","Matched to the 2 x 2 binary scenario: same fixed effects, same latent ICC = .30, and 30 binary trials per subject; condition is replaced by x ~ Uniform(0, 1).","Pseudo-interaction detection","Interaction test",3000,201,0.067,0.0585955752618584,0.0765119077342739
"Binary continuous predictor","Matched continuous-predictor counterpart to Simulation 2","Binary repeated trials","probit","logit","binomial probit GLMM","binomial logit GLMM","Matched continuous counterpart to the 2 x 2 binary scenario: eta = 1.5 + -1 * group + -1 * x + subject random intercept; x ~ Uniform(0, 1). Thus the x = 0 to x = 1 contrast has the same probit-scale size as the condition 0 to 1 contrast; latent ICC = 0.3; no group-by-x product term.","Matched to the 2 x 2 binary scenario: same fixed effects, same latent ICC = .30, and 30 binary trials per subject; condition is replaced by x ~ Uniform(0, 1).","DHARMa uniformity","DHARMa",3000,87,0.029,0.0235712589057498,0.0356334165935072
"Binary continuous predictor","Matched continuous-predictor counterpart to Simulation 2","Binary repeated trials","probit","logit","binomial probit GLMM","binomial logit GLMM","Matched continuous counterpart to the 2 x 2 binary scenario: eta = 1.5 + -1 * group + -1 * x + subject random intercept; x ~ Uniform(0, 1). Thus the x = 0 to x = 1 contrast has the same probit-scale size as the condition 0 to 1 contrast; latent ICC = 0.3; no group-by-x product term.","Matched to the 2 x 2 binary scenario: same fixed effects, same latent ICC = .30, and 30 binary trials per subject; condition is replaced by x ~ Uniform(0, 1).","DHARMa dispersion","DHARMa",3000,0,0,0,0.00127884872532596
"Binary continuous predictor","Matched continuous-predictor counterpart to Simulation 2","Binary repeated trials","probit","logit","binomial probit GLMM","binomial logit GLMM","Matched continuous counterpart to the 2 x 2 binary scenario: eta = 1.5 + -1 * group + -1 * x + subject random intercept; x ~ Uniform(0, 1). Thus the x = 0 to x = 1 contrast has the same probit-scale size as the condition 0 to 1 contrast; latent ICC = 0.3; no group-by-x product term.","Matched to the 2 x 2 binary scenario: same fixed effects, same latent ICC = .30, and 30 binary trials per subject; condition is replaced by x ~ Uniform(0, 1).","DHARMa residual quantiles over fitted values","DHARMa",3000,70,0.0233333333333333,0.0185101345503412,0.0293757012344695
"Binary continuous predictor","Matched continuous-predictor counterpart to Simulation 2","Binary repeated trials","probit","logit","binomial probit GLMM","binomial logit GLMM","Matched continuous counterpart to the 2 x 2 binary scenario: eta = 1.5 + -1 * group + -1 * x + subject random intercept; x ~ Uniform(0, 1). Thus the x = 0 to x = 1 contrast has the same probit-scale size as the condition 0 to 1 contrast; latent ICC = 0.3; no group-by-x product term.","Matched to the 2 x 2 binary scenario: same fixed effects, same latent ICC = .30, and 30 binary trials per subject; condition is replaced by x ~ Uniform(0, 1).","DHARMa residual quantiles over focal predictor","DHARMa",3000,64,0.0213333333333333,0.0167421299336285,0.0271488212460835
"Binary continuous predictor","Matched continuous-predictor counterpart to Simulation 2","Binary repeated trials","probit","logit","binomial probit GLMM","binomial logit GLMM","Matched continuous counterpart to the 2 x 2 binary scenario: eta = 1.5 + -1 * group + -1 * x + subject random intercept; x ~ Uniform(0, 1). Thus the x = 0 to x = 1 contrast has the same probit-scale size as the condition 0 to 1 contrast; latent ICC = 0.3; no group-by-x product term.","Matched to the 2 x 2 binary scenario: same fixed effects, same latent ICC = .30, and 30 binary trials per subject; condition is replaced by x ~ Uniform(0, 1).","DHARMa residual distribution across design cells","DHARMa",0,0,NA,NA,NA
"Binary continuous predictor","Matched continuous-predictor counterpart to Simulation 2","Binary repeated trials","probit","logit","binomial probit GLMM","binomial logit GLMM","Matched continuous counterpart to the 2 x 2 binary scenario: eta = 1.5 + -1 * group + -1 * x + subject random intercept; x ~ Uniform(0, 1). Thus the x = 0 to x = 1 contrast has the same probit-scale size as the condition 0 to 1 contrast; latent ICC = 0.3; no group-by-x product term.","Matched to the 2 x 2 binary scenario: same fixed effects, same latent ICC = .30, and 30 binary trials per subject; condition is replaced by x ~ Uniform(0, 1).","Pregibon-style added-term link check, secondary","Pregibon-style link check",3000,140,0.0466666666666667,0.0396813163911365,0.0548115064531591
"Binary continuous predictor","Matched continuous-predictor counterpart to Simulation 2","Binary repeated trials","probit","logit","binomial probit GLMM","binomial logit GLMM","Matched continuous counterpart to the 2 x 2 binary scenario: eta = 1.5 + -1 * group + -1 * x + subject random intercept; x ~ Uniform(0, 1). Thus the x = 0 to x = 1 contrast has the same probit-scale size as the condition 0 to 1 contrast; latent ICC = 0.3; no group-by-x product term.","Matched to the 2 x 2 binary scenario: same fixed effects, same latent ICC = .30, and 30 binary trials per subject; condition is replaced by x ~ Uniform(0, 1).","AIC same interaction formula favors true link","AIC link comparison",3000,2864,0.954666666666667,0.946623019831301,0.961547413727803
"Binary continuous predictor","Matched continuous-predictor counterpart to Simulation 2","Binary repeated trials","probit","logit","binomial probit GLMM","binomial logit GLMM","Matched continuous counterpart to the 2 x 2 binary scenario: eta = 1.5 + -1 * group + -1 * x + subject random intercept; x ~ Uniform(0, 1). Thus the x = 0 to x = 1 contrast has the same probit-scale size as the condition 0 to 1 contrast; latent ICC = 0.3; no group-by-x product term.","Matched to the 2 x 2 binary scenario: same fixed effects, same latent ICC = .30, and 30 binary trials per subject; condition is replaced by x ~ Uniform(0, 1).","AIC same interaction formula favors fitted link","AIC link comparison",3000,136,0.0453333333333333,0.0384525862721971,0.0533769801686993
"Gamma mean response time","Gamma response-time example from the introduction (log versus inverse link)","Gamma positive continuous","log","inverse","Gamma log","Gamma inverse","Gamma response-time example, log-link scale: log(E[y]) = log(400) + 0.25 * x + 0.25 * group; Gamma shape = 8; no x-by-group product term.","Gamma sampling with shape = 8; mean around 400 ms at x = 0, group = 0.","Pseudo-interaction detection","Interaction test",3000,905,0.301666666666667,0.285504715510958,0.318335894483421
"Gamma mean response time","Gamma response-time example from the introduction (log versus inverse link)","Gamma positive continuous","log","inverse","Gamma log","Gamma inverse","Gamma response-time example, log-link scale: log(E[y]) = log(400) + 0.25 * x + 0.25 * group; Gamma shape = 8; no x-by-group product term.","Gamma sampling with shape = 8; mean around 400 ms at x = 0, group = 0.","DHARMa uniformity","DHARMa",3000,0,0,0,0.00127884872532596
"Gamma mean response time","Gamma response-time example from the introduction (log versus inverse link)","Gamma positive continuous","log","inverse","Gamma log","Gamma inverse","Gamma response-time example, log-link scale: log(E[y]) = log(400) + 0.25 * x + 0.25 * group; Gamma shape = 8; no x-by-group product term.","Gamma sampling with shape = 8; mean around 400 ms at x = 0, group = 0.","DHARMa dispersion","DHARMa",3000,2,0.000666666666666667,0.000182843087809544,0.00242763383921598
"Gamma mean response time","Gamma response-time example from the introduction (log versus inverse link)","Gamma positive continuous","log","inverse","Gamma log","Gamma inverse","Gamma response-time example, log-link scale: log(E[y]) = log(400) + 0.25 * x + 0.25 * group; Gamma shape = 8; no x-by-group product term.","Gamma sampling with shape = 8; mean around 400 ms at x = 0, group = 0.","DHARMa residual quantiles over fitted values","DHARMa",3000,81,0.027,0.0217771571752506,0.0334326337189077
"Gamma mean response time","Gamma response-time example from the introduction (log versus inverse link)","Gamma positive continuous","log","inverse","Gamma log","Gamma inverse","Gamma response-time example, log-link scale: log(E[y]) = log(400) + 0.25 * x + 0.25 * group; Gamma shape = 8; no x-by-group product term.","Gamma sampling with shape = 8; mean around 400 ms at x = 0, group = 0.","DHARMa residual quantiles over focal predictor","DHARMa",3000,220,0.0733333333333333,0.0645407421688829,0.0832172087433953
"Gamma mean response time","Gamma response-time example from the introduction (log versus inverse link)","Gamma positive continuous","log","inverse","Gamma log","Gamma inverse","Gamma response-time example, log-link scale: log(E[y]) = log(400) + 0.25 * x + 0.25 * group; Gamma shape = 8; no x-by-group product term.","Gamma sampling with shape = 8; mean around 400 ms at x = 0, group = 0.","DHARMa residual distribution across design cells","DHARMa",0,0,NA,NA,NA
"Gamma mean response time","Gamma response-time example from the introduction (log versus inverse link)","Gamma positive continuous","log","inverse","Gamma log","Gamma inverse","Gamma response-time example, log-link scale: log(E[y]) = log(400) + 0.25 * x + 0.25 * group; Gamma shape = 8; no x-by-group product term.","Gamma sampling with shape = 8; mean around 400 ms at x = 0, group = 0.","Pregibon-style added-term link check, secondary","Pregibon-style link check",3000,982,0.327333333333333,0.310772204348622,0.34433609141119
"Gamma mean response time","Gamma response-time example from the introduction (log versus inverse link)","Gamma positive continuous","log","inverse","Gamma log","Gamma inverse","Gamma response-time example, log-link scale: log(E[y]) = log(400) + 0.25 * x + 0.25 * group; Gamma shape = 8; no x-by-group product term.","Gamma sampling with shape = 8; mean around 400 ms at x = 0, group = 0.","AIC same interaction formula favors true link","AIC link comparison",3000,2350,0.783333333333333,0.768233953193499,0.797708032528817
"Gamma mean response time","Gamma response-time example from the introduction (log versus inverse link)","Gamma positive continuous","log","inverse","Gamma log","Gamma inverse","Gamma response-time example, log-link scale: log(E[y]) = log(400) + 0.25 * x + 0.25 * group; Gamma shape = 8; no x-by-group product term.","Gamma sampling with shape = 8; mean around 400 ms at x = 0, group = 0.","AIC same interaction formula favors fitted link","AIC link comparison",3000,650,0.216666666666667,0.202291967471183,0.231766046806501
